num_bytes,src_port,dst_port,timestamp
153,443,64104,1730522124.2522316
491,64104,443,1730522124.2532368
60,443,64103,1730522124.2792203
153,443,64103,1730522124.2802203
737,64103,443,1730522124.2807271
55,52514,18001,1730522124.385358
55,52514,18001,1730522124.3993752
55,52514,18001,1730522124.3993752
55,52514,18001,1730522124.4003794
55,52514,18001,1730522124.4003794
60,18001,52514,1730522124.4014103
62,18001,52514,1730522124.44089
63,18001,52514,1730522124.44089
62,18001,52514,1730522124.4418972
68,18001,52514,1730522124.44289
62,18001,52514,1730522124.443889
66,52514,18001,1730522124.443889
54,52514,18001,1730522124.4448888
54,52514,18001,1730522124.4453917
1506,443,64104,1730522124.4453917
1506,443,64104,1730522124.4513988
230,443,64104,1730522124.4513988
66,64104,443,1730522124.452399
66,64104,443,1730522124.452399
1506,443,64104,1730522124.4533985
54,64104,443,1730522124.4533985
1494,64104,443,1730522124.4533985
259,64104,443,1730522124.454901
55,52514,18001,1730522124.454901
55,52514,18001,1730522124.4649084
55,52514,18001,1730522124.4654148
55,52514,18001,1730522124.4654148
55,52514,18001,1730522124.4664202
60,18001,52514,1730522124.4664202
60,18001,52514,1730522124.4769204
1506,443,64103,1730522124.4779263
1506,443,64103,1730522124.4779263
54,64103,443,1730522124.478931
1506,443,64103,1730522124.478931
1506,443,64103,1730522124.4804347
54,64103,443,1730522124.4804347
641,443,64103,1730522124.4804347
128,64103,443,1730522124.4814396
146,64103,443,1730522124.6215754
542,64103,443,1730522124.6225748
1494,64103,443,1730522124.6235762
1494,64103,443,1730522124.6235762
269,64103,443,1730522124.6245766
60,443,64104,1730522124.6250885
157,443,64104,1730522124.626096
518,443,64104,1730522124.6314292
54,64104,443,1730522124.632742
54,64104,443,1730522124.6721961
78,64104,443,1730522124.6731977
54,64104,443,1730522124.6731977
60,443,64103,1730522124.6747012
157,443,64103,1730522124.7232578
116,443,64103,1730522124.7232578
85,64103,443,1730522124.7232578
85,443,64103,1730522124.7247622
60,443,64103,1730522124.7247622
54,64103,443,1730522124.725767
155,3389,53021,1730522124.7307668
62,18001,52514,1730522124.7422836
62,18001,52514,1730522124.7435834
63,18001,52514,1730522124.7435834
68,18001,52514,1730522124.7445874
66,52514,18001,1730522124.7445874
66,52514,18001,1730522124.7832384
54,52514,18001,1730522124.7847438
54,53021,3389,1730522124.7847438
60,443,64104,1730522124.812077
55,52514,18001,1730522124.8347142
55,52514,18001,1730522124.8360085
55,52514,18001,1730522124.8360085
55,52514,18001,1730522124.8370128
55,52514,18001,1730522124.8489475
55,52514,18001,1730522124.8489475
60,18001,52514,1730522124.8499475
334,443,64103,1730522124.8684804
54,64103,443,1730522124.9230447
55,52514,18001,1730522124.9681122
55,52514,18001,1730522124.9810827
55,52514,18001,1730522124.982466
55,52514,18001,1730522124.982466
55,52514,18001,1730522124.983471
60,18001,52514,1730522124.983471
106,63378,443,1730522125.0498211
106,65086,443,1730522125.050827
74,443,63378,1730522125.0717678
74,443,65086,1730522125.0727677
55,52514,18001,1730522125.1769247
55,52514,18001,1730522125.1900072
55,52514,18001,1730522125.1900072
55,52514,18001,1730522125.191007
55,52514,18001,1730522125.191007
60,18001,52514,1730522125.1920066
102,443,63378,1730522125.2122414
102,443,65086,1730522125.2132425
63,18001,52514,1730522125.2289536
62,18001,52514,1730522125.2299538
62,18001,52514,1730522125.2659974
54,52514,18001,1730522125.266999
68,18001,52514,1730522125.266999
62,18001,52514,1730522125.2680047
54,52514,18001,1730522125.2690036
74,63378,443,1730522125.2690036
74,65086,443,1730522125.37182
62,18001,52514,1730522125.37182
63,18001,52514,1730522125.5492134
68,18001,52514,1730522125.5492134
54,52514,18001,1730522125.5502133
64,18001,52514,1730522125.5502133
54,52514,18001,1730522125.551213
404,443,63404,1730522125.5522137
54,63404,443,1730522125.5898001
101,443,58666,1730522125.6268559
74,58666,443,1730522125.6682796
55,52514,18001,1730522125.7262528
55,52514,18001,1730522125.7320952
55,52514,18001,1730522125.733095
55,52514,18001,1730522125.7340996
55,52514,18001,1730522125.7350962
155,3389,53021,1730522125.7361498
60,18001,52514,1730522125.739655
63,18001,52514,1730522125.763048
62,18001,52514,1730522125.7640479
62,18001,52514,1730522125.7640479
66,52514,18001,1730522125.7650476
54,52514,18001,1730522125.7760777
76,18001,52514,1730522125.7771711
62,18001,52514,1730522125.7771711
54,52514,18001,1730522125.7771711
54,53021,3389,1730522125.778495
55,52514,18001,1730522126.0348191
55,52514,18001,1730522126.0353246
55,52514,18001,1730522126.0363312
55,52514,18001,1730522126.0363312
55,52514,18001,1730522126.0373366
55,52514,18001,1730522126.0373366
55,52514,18001,1730522126.0383368
55,52514,18001,1730522126.0383368
55,52514,18001,1730522126.0478532
55,52514,18001,1730522126.048855
55,52514,18001,1730522126.048855
55,52514,18001,1730522126.0498543
60,18001,52514,1730522126.0508587
60,18001,52514,1730522126.1351085
169,443,63378,1730522126.1361825
74,63378,443,1730522126.1783655
55,52514,18001,1730522126.2091434
55,52514,18001,1730522126.2228267
55,52514,18001,1730522126.223828
55,52514,18001,1730522126.223828
55,52514,18001,1730522126.2248273
60,18001,52514,1730522126.2253337
82,18001,52514,1730522126.2561088
63,18001,52514,1730522126.25712
66,52514,18001,1730522126.25712
54,52514,18001,1730522126.2581193
55,52514,18001,1730522126.3765519
55,52514,18001,1730522126.3896694
55,52514,18001,1730522126.3906693
55,52514,18001,1730522126.3906693
55,52514,18001,1730522126.3916695
60,18001,52514,1730522126.392672
62,18001,52514,1730522126.6767435
68,18001,52514,1730522126.6777534
63,18001,52514,1730522126.6777534
62,18001,52514,1730522126.679004
66,52514,18001,1730522126.679004
66,52514,18001,1730522126.6800091
66,52514,18001,1730522126.6805146
54,52514,18001,1730522126.7448769
62,18001,52514,1730522126.7461414
62,18001,52514,1730522126.7461414
63,18001,52514,1730522126.7471511
68,18001,52514,1730522126.7471511
54,52514,18001,1730522126.7471511
155,3389,53021,1730522126.7484422
55,52514,18001,1730522126.7605822
55,52514,18001,1730522126.7730954
55,52514,18001,1730522126.7730954
55,52514,18001,1730522126.774095
55,52514,18001,1730522126.774095
55,52514,18001,1730522126.775601
60,18001,52514,1730522126.775601
54,53021,3389,1730522126.7906387
55,52514,18001,1730522127.0848646
55,52514,18001,1730522127.0848646
55,52514,18001,1730522127.0862126
55,52514,18001,1730522127.0867186
55,52514,18001,1730522127.0867186
55,52514,18001,1730522127.092925
55,52514,18001,1730522127.092925
55,52514,18001,1730522127.0940788
55,52514,18001,1730522127.0945837
55,52514,18001,1730522127.098094
60,18001,52514,1730522127.098094
60,18001,52514,1730522127.099094
60,18001,52514,1730522127.1062133
60,18001,52514,1730522127.2405868
63,18001,52514,1730522127.241589
62,18001,52514,1730522127.6187396
54,52514,18001,1730522127.6187396
62,18001,52514,1730522127.6197379
68,18001,52514,1730522127.6197379
62,18001,52514,1730522127.6207366
54,52514,18001,1730522127.6207366
62,18001,52514,1730522127.6217363
63,18001,52514,1730522127.6217363
68,18001,52514,1730522127.6227365
62,18001,52514,1730522127.6227365
64,18001,52514,1730522127.6237361
54,52514,18001,1730522127.6237361
55,52514,18001,1730522127.6247363
55,52514,18001,1730522127.631353
55,52514,18001,1730522127.632353
55,52514,18001,1730522127.633353
55,52514,18001,1730522127.633353
60,18001,52514,1730522127.633353
171,3389,53021,1730522127.7457495
171,53021,3389,1730522127.74675
203,53021,3389,1730522127.768142
60,3389,53021,1730522127.769141
63,18001,52514,1730522127.8184361
62,18001,52514,1730522127.8184361
54,52514,18001,1730522127.8196461
55,52514,18001,1730522127.8196461
62,18001,52514,1730522127.8315208
63,18001,52514,1730522127.8315208
55,52514,18001,1730522127.8325207
55,52514,18001,1730522127.8325207
62,18001,52514,1730522127.8335207
55,52514,18001,1730522127.8335207
55,52514,18001,1730522127.8350286
60,18001,52514,1730522127.8350286
105,58666,443,1730522128.0014048
74,443,58666,1730522128.0820808
86,64106,443,1730522128.1385481
86,443,64106,1730522128.1648762
74,64106,443,1730522128.1648762
825,64106,443,1730522128.1658857
86,64108,443,1730522128.1822157
86,64107,443,1730522128.1822157
86,64109,443,1730522128.1837232
86,443,64109,1730522128.1837232
74,64109,443,1730522128.184841
86,443,64108,1730522128.184841
74,64108,443,1730522128.1861024
86,443,64107,1730522128.1861024
74,64107,443,1730522128.1871095
669,64109,443,1730522128.1871095
366,64108,443,1730522128.1881156
366,64107,443,1730522128.196633
74,443,64109,1730522128.196633
338,443,64109,1730522128.1976416
74,64109,443,1730522128.198641
74,443,64108,1730522128.198641
154,64109,443,1730522128.1996417
74,443,64107,1730522128.1996417
1506,443,64108,1730522128.2006404
74,64108,443,1730522128.2006404
1506,443,64108,1730522128.2016413
74,64108,443,1730522128.2016413
1246,443,64108,1730522128.2026398
74,64108,443,1730522128.2026398
173,443,64106,1730522128.2036414
74,64106,443,1730522128.2036414
1506,443,64107,1730522128.20515
74,64107,443,1730522128.20515
1506,443,64107,1730522128.206159
74,64107,443,1730522128.2081704
1246,443,64107,1730522128.2101684
74,64107,443,1730522128.2101684
896,64106,443,1730522128.212167
154,64108,443,1730522128.2131646
154,64107,443,1730522128.2131646
154,64107,443,1730522128.2141638
154,64108,443,1730522128.2176838
1506,64107,443,1730522128.2191896
1506,64107,443,1730522128.2191896
1078,64107,443,1730522128.220195
1506,64107,443,1730522128.220195
1506,64107,443,1730522128.2212005
996,64107,443,1730522128.222208
140,64107,443,1730522128.222208
105,64107,443,1730522128.222208
55,52514,18001,1730522128.2236595
55,52514,18001,1730522128.224697
55,52514,18001,1730522128.224697
55,52514,18001,1730522128.2257042
55,52514,18001,1730522128.2267106
55,52514,18001,1730522128.2267106
55,52514,18001,1730522128.2277048
55,52514,18001,1730522128.2287066
55,52514,18001,1730522128.229217
55,52514,18001,1730522128.2304661
55,52514,18001,1730522128.2304661
55,52514,18001,1730522128.231689
154,64109,443,1730522128.231689
74,443,64109,1730522128.2326865
1506,64107,443,1730522128.2326865
1312,64107,443,1730522128.2336845
361,443,64109,1730522128.2346873
74,64109,443,1730522128.2346873
74,443,64107,1730522128.2351947
74,443,64108,1730522128.2356997
361,443,64107,1730522128.2356997
74,64107,443,1730522128.2367067
361,443,64107,1730522128.2367067
74,64107,443,1730522128.2377198
74,443,64108,1730522128.2377198
135,443,64107,1730522128.238719
74,64107,443,1730522128.238719
105,443,64107,1730522128.2397199
74,64107,443,1730522128.2397199
105,64107,443,1730522128.2407186
74,443,64107,1730522128.2407186
361,443,64108,1730522128.2417176
74,64108,443,1730522128.2417176
361,443,64108,1730522128.2427144
74,64108,443,1730522128.2437341
74,443,64109,1730522128.2437341
135,443,64109,1730522128.2447436
105,443,64109,1730522128.2461276
74,64109,443,1730522128.2471402
135,443,64108,1730522128.2471402
105,443,64108,1730522128.2471402
74,64108,443,1730522128.2485416
105,64109,443,1730522128.2485416
74,443,64107,1730522128.2495534
105,64108,443,1730522128.2505536
60,18001,52514,1730522128.2505536
74,443,64107,1730522128.25157
365,443,64106,1730522128.2525978
74,64106,443,1730522128.2571523
148,64106,443,1730522128.2581558
154,64106,443,1730522128.2591524
1140,64106,443,1730522128.2591524
533,443,64106,1730522128.270882
136,443,64106,1730522128.2718916
74,64106,443,1730522128.2728891
105,64106,443,1730522128.2738943
74,443,64107,1730522128.2755568
74,443,64109,1730522128.2765646
74,443,64108,1730522128.2779605
105,443,64106,1730522128.2903244
74,64106,443,1730522128.3437269
55,52514,18001,1730522128.3447373
55,52514,18001,1730522128.3561652
55,52514,18001,1730522128.3571653
55,52514,18001,1730522128.3571653
55,52514,18001,1730522128.3581645
74,443,64106,1730522128.3581645
60,18001,52514,1730522128.3595846
599,443,64107,1730522128.3595846
74,64107,443,1730522128.3827207
1506,443,64107,1730522128.3827207
203,443,64107,1730522128.383721
74,64107,443,1730522128.385024
1214,443,64106,1730522128.385099
74,64106,443,1730522128.3863544
828,443,64107,1730522128.3863544
74,64107,443,1730522128.3863544
1447,443,64107,1730522128.38736
74,64107,443,1730522128.3957381
880,443,64107,1730522128.3957381
74,64107,443,1730522128.3967383
575,443,64107,1730522128.3967383
86,64107,443,1730522128.5425427
1506,443,64107,1730522128.5435488
74,64107,443,1730522128.5445547
55,52514,18001,1730522128.5450604
55,52514,18001,1730522128.5558813
55,52514,18001,1730522128.5568871
55,52514,18001,1730522128.557898
55,52514,18001,1730522128.557898
60,18001,52514,1730522128.558898
171,3389,53021,1730522128.7682934
171,53021,3389,1730522128.7693002
171,53021,3389,1730522128.7858636
60,3389,53021,1730522128.7868633
63,18001,52514,1730522128.7993844
62,18001,52514,1730522128.8003843
54,52514,18001,1730522128.8003843
62,18001,52514,1730522128.8013852
68,18001,52514,1730522128.917544
62,18001,52514,1730522128.9196658
54,52514,18001,1730522128.9196658
55,52514,18001,1730522128.9207501
55,52514,18001,1730522128.9314723
55,52514,18001,1730522128.9314723
55,52514,18001,1730522128.9324718
55,52514,18001,1730522128.9334717
55,52514,18001,1730522128.9334717
60,18001,52514,1730522128.9334717
102,58666,443,1730522128.935065
74,443,58666,1730522128.9656734
63,18001,52514,1730522129.0834193
62,18001,52514,1730522129.0834193
68,18001,52514,1730522129.0849273
66,52514,18001,1730522129.0859702
54,52514,18001,1730522129.0859702
54,52514,18001,1730522129.1381223
66,64110,443,1730522129.1666286
55,52514,18001,1730522129.184909
55,52514,18001,1730522129.186101
55,52514,18001,1730522129.1866062
55,52514,18001,1730522129.1876113
55,52514,18001,1730522129.1876113
60,18001,52514,1730522129.1981435
55,52514,18001,1730522129.250943
55,52514,18001,1730522129.26495
55,52514,18001,1730522129.2659562
55,52514,18001,1730522129.2659562
55,52514,18001,1730522129.2669566
60,18001,52514,1730522129.2679567
66,443,64110,1730522129.3449712
54,64110,443,1730522129.3464477
460,64110,443,1730522129.3464477
62,18001,52514,1730522129.3773742
63,18001,52514,1730522129.3773742
62,18001,52514,1730522129.3786557
62,18001,52514,1730522129.3786557
68,18001,52514,1730522129.379662
66,52514,18001,1730522129.379662
66,52514,18001,1730522129.3806617
54,52514,18001,1730522129.5272512
66,52514,18001,1730522129.5272512
54,52514,18001,1730522129.5282578
404,443,63404,1730522129.5282578
153,443,64110,1730522129.5302587
54,64110,443,1730522129.531258
531,64110,443,1730522129.5332584
54,63404,443,1730522129.5768342
65,18001,52514,1730522129.59336
62,18001,52514,1730522129.5948653
63,18001,52514,1730522129.5948653
54,52514,18001,1730522129.595871
64,18001,52514,1730522129.7239788
68,18001,52514,1730522129.7239788
60,18001,52514,1730522129.725482
66,52514,18001,1730522129.725482
54,52514,18001,1730522129.72649
54,52514,18001,1730522129.72649
1506,443,64110,1730522129.7274966
54,64110,443,1730522129.742034
1506,443,64110,1730522129.7430367
54,64110,443,1730522129.7430367
1506,443,64110,1730522129.744323
54,64110,443,1730522129.744323
1506,443,64110,1730522129.744827
54,64110,443,1730522129.744827
641,443,64110,1730522129.7458372
54,64110,443,1730522129.7458372
128,64110,443,1730522129.7468371
134,64110,443,1730522129.7468371
494,64110,443,1730522129.7803159
1125,64110,443,1730522129.7813158
85,64110,443,1730522129.7813158
155,3389,53021,1730522129.7823153
54,53021,3389,1730522129.8254797
55,52514,18001,1730522129.8435447
55,52514,18001,1730522129.8556569
55,52514,18001,1730522129.8570974
55,52514,18001,1730522129.858109
55,52514,18001,1730522129.858109
60,18001,52514,1730522129.859111
63,18001,52514,1730522129.9105663
62,18001,52514,1730522129.9115665
62,18001,52514,1730522129.9115665
66,52514,18001,1730522129.9125664
54,52514,18001,1730522129.9125664
63,18001,52514,1730522129.9135664
62,18001,52514,1730522129.9135664
54,52514,18001,1730522129.9135664
157,443,64110,1730522129.9150753
54,64110,443,1730522129.925107
116,443,64110,1730522129.9262164
54,64110,443,1730522129.9273887
85,64110,443,1730522129.9273887
60,443,64110,1730522129.928399
66,443,64110,1730522130.0934615
60,443,64110,1730522130.0949664
367,443,64110,1730522130.095972
54,64110,443,1730522130.10235
75,54570,5228,1730522130.1035628
55,52514,18001,1730522130.1184616
55,52514,18001,1730522130.1184616
55,52514,18001,1730522130.1198895
55,52514,18001,1730522130.1198895
55,52514,18001,1730522130.1209
55,52514,18001,1730522130.1319358
55,52514,18001,1730522130.1329358
55,52514,18001,1730522130.133936
55,52514,18001,1730522130.1349404
55,52514,18001,1730522130.135446
55,52514,18001,1730522130.135446
55,52514,18001,1730522130.1364508
60,18001,52514,1730522130.1364508
60,18001,52514,1730522130.137454
60,443,64110,1730522130.137454
86,5228,54570,1730522130.1414535
62,18001,52514,1730522130.2133257
54,52514,18001,1730522130.260474
404,443,63404,1730522130.3604422
54,63404,443,1730522130.4135413
1506,64107,443,1730522130.4170573
1506,64107,443,1730522130.4305708
1093,64107,443,1730522130.4305708
74,443,64107,1730522130.431571
74,443,64107,1730522130.431571
74,443,64107,1730522130.431571
55,52514,18001,1730522130.4513345
55,52514,18001,1730522130.465334
55,52514,18001,1730522130.465334
55,52514,18001,1730522130.4663446
55,52514,18001,1730522130.4673395
55,52514,18001,1730522130.4684498
55,52514,18001,1730522130.4684498
55,52514,18001,1730522130.4697657
55,52514,18001,1730522130.4697657
55,52514,18001,1730522130.4707718
60,18001,52514,1730522130.47177
63,18001,52514,1730522130.5325556
62,18001,52514,1730522130.5336392
54,52514,18001,1730522130.5336392
62,18001,52514,1730522130.53516
62,18001,52514,1730522130.5361726
68,18001,52514,1730522130.5371807
60,18001,52514,1730522130.5371807
66,52514,18001,1730522130.5381825
54,52514,18001,1730522130.5381825
1506,64107,443,1730522130.5391805
1506,64107,443,1730522130.5470011
1090,64107,443,1730522130.5480635
74,443,64107,1730522130.5480635
74,443,64107,1730522130.5776012
761,443,64107,1730522130.578617
74,64107,443,1730522130.6875215
1506,443,64107,1730522130.6875215
420,443,64107,1730522130.688529
74,64107,443,1730522130.688529
761,443,64107,1730522130.689551
74,64107,443,1730522130.7451026
1506,443,64107,1730522130.7456148
74,64107,443,1730522130.7466228
597,443,64107,1730522130.7466228
74,64107,443,1730522130.7466228
171,3389,53021,1730522130.7480848
171,53021,3389,1730522130.7620084
171,53021,3389,1730522130.7630234
60,3389,53021,1730522130.7640204
55,52514,18001,1730522130.834864
55,52514,18001,1730522130.8492055
55,52514,18001,1730522130.8492055
55,52514,18001,1730522130.850205
55,52514,18001,1730522130.8512063
55,52514,18001,1730522130.8512063
60,18001,52514,1730522130.852605
63,18001,52514,1730522130.9295354
62,18001,52514,1730522130.930535
68,18001,52514,1730522130.931535
66,52514,18001,1730522130.931535
54,52514,18001,1730522130.931535
54,52514,18001,1730522130.9865198
103,65089,443,1730522131.0506663
74,443,65089,1730522131.072417
171,3389,53021,1730522131.1220474
171,53021,3389,1730522131.134035
54,64103,443,1730522131.1434932
55,52514,18001,1730522131.159284
55,52514,18001,1730522131.1741817
55,52514,18001,1730522131.1741817
55,52514,18001,1730522131.175179
55,52514,18001,1730522131.1756892
60,18001,52514,1730522131.1771364
62,18001,52514,1730522131.1899712
62,18001,52514,1730522131.1899712
66,52514,18001,1730522131.1909826
66,52514,18001,1730522131.1909826
63,18001,52514,1730522131.1919832
68,18001,52514,1730522131.1919832
62,18001,52514,1730522131.1929853
54,52514,18001,1730522131.1929853
54,52514,18001,1730522131.1940925
55,52514,18001,1730522131.1940925
55,52514,18001,1730522131.1950965
55,52514,18001,1730522131.1950965
55,52514,18001,1730522131.196107
55,52514,18001,1730522131.196107
60,18001,52514,1730522131.1971066
99,443,65089,1730522131.20066
60,3389,53021,1730522131.2021272
74,65089,443,1730522131.2509909
60,443,64103,1730522131.3393013
54,64103,443,1730522131.3403015
62,18001,52514,1730522131.5265079
63,18001,52514,1730522131.5275152
54,52514,18001,1730522131.5275152
68,18001,52514,1730522131.5285134
64,18001,52514,1730522131.5285134
62,18001,52514,1730522131.5295134
66,52514,18001,1730522131.5295134
54,52514,18001,1730522131.5591707
55,52514,18001,1730522131.5605867
55,52514,18001,1730522131.572864
55,52514,18001,1730522131.574262
55,52514,18001,1730522131.5747685
55,52514,18001,1730522131.5747685
55,52514,18001,1730522131.57579
60,18001,52514,1730522131.57579
60,18001,52514,1730522131.5936656
55,52514,18001,1730522131.7589974
55,52514,18001,1730522131.772778
55,52514,18001,1730522131.7737863
55,52514,18001,1730522131.7737863
55,52514,18001,1730522131.7752924
60,18001,52514,1730522131.7752924
187,3389,53021,1730522131.7934065
171,53021,3389,1730522131.7949662
203,53021,3389,1730522131.8104336
60,3389,53021,1730522131.811435
55,52514,18001,1730522131.8933053
55,52514,18001,1730522131.9073389
55,52514,18001,1730522131.9073389
55,52514,18001,1730522131.9083385
55,52514,18001,1730522131.9083385
60,18001,52514,1730522131.909338
60,18001,52514,1730522131.977143
63,18001,52514,1730522131.9782772
62,18001,52514,1730522132.3287504
62,18001,52514,1730522132.329873
54,52514,18001,1730522132.3303797
62,18001,52514,1730522132.3303797
68,18001,52514,1730522132.331386
66,52514,18001,1730522132.331386
54,52514,18001,1730522132.3323867
1506,64107,443,1730522132.332893
1506,64107,443,1730522132.342956
1097,64107,443,1730522132.343957
74,443,64107,1730522132.343957
74,443,64107,1730522132.40977
74,443,64107,1730522132.40977
55,52514,18001,1730522132.4112086
55,52514,18001,1730522132.422849
55,52514,18001,1730522132.4238498
55,52514,18001,1730522132.42536
55,52514,18001,1730522132.426451
60,18001,52514,1730522132.426451
63,18001,52514,1730522132.453745
62,18001,52514,1730522132.453745
54,52514,18001,1730522132.455249
62,18001,52514,1730522132.455249
76,18001,52514,1730522132.4948769
62,18001,52514,1730522132.4948769
54,52514,18001,1730522132.495907
761,443,64107,1730522132.495907
74,64107,443,1730522132.7079875
234,443,64107,1730522132.7090137
1506,443,64107,1730522132.7102308
86,64107,443,1730522132.7102308
74,64107,443,1730522132.7116308
1506,64107,443,1730522132.7116308
1506,64107,443,1730522132.7220106
1090,64107,443,1730522132.7220106
74,443,64107,1730522132.7230122
74,443,64107,1730522132.7230122
74,443,64107,1730522132.7230122
55,52514,18001,1730522132.7605405
55,52514,18001,1730522132.7615461
55,52514,18001,1730522132.7615461
55,52514,18001,1730522132.762546
55,52514,18001,1730522132.762546
55,52514,18001,1730522132.7635455
55,52514,18001,1730522132.7635455
55,52514,18001,1730522132.7690585
55,52514,18001,1730522132.770059
55,52514,18001,1730522132.77106
55,52514,18001,1730522132.77106
55,52514,18001,1730522132.7720575
171,3389,53021,1730522132.7720575
171,53021,3389,1730522132.7740579
60,18001,52514,1730522132.7755609
60,18001,52514,1730522132.7755609
60,3389,53021,1730522132.8530023
760,443,64107,1730522132.905994
74,64107,443,1730522132.9069934
420,443,64107,1730522132.9069934
1506,443,64107,1730522132.9603126
86,64107,443,1730522132.9615085
74,64107,443,1730522132.9620132
55,52514,18001,1730522132.9630182
55,52514,18001,1730522132.97363
55,52514,18001,1730522132.97363
55,52514,18001,1730522132.9751341
55,52514,18001,1730522132.9761412
60,18001,52514,1730522132.9772012
60,18001,52514,1730522132.9917228
63,18001,52514,1730522132.9937236
62,18001,52514,1730522133.0362167
62,18001,52514,1730522133.0372126
54,52514,18001,1730522133.0372126
68,18001,52514,1730522133.0382159
62,18001,52514,1730522133.0382159
63,18001,52514,1730522133.039216
82,18001,52514,1730522133.039216
62,18001,52514,1730522133.0402155
63,18001,52514,1730522133.0402155
54,52514,18001,1730522133.0412157
68,18001,52514,1730522133.0412157
54,52514,18001,1730522133.0422175
117,63404,443,1730522133.0432198
91,443,63404,1730522133.0497313
1506,64107,443,1730522133.065213
1435,64107,443,1730522133.0662186
1506,64107,443,1730522133.0662186
1506,64107,443,1730522133.067218
1506,64107,443,1730522133.0686915
1506,64107,443,1730522133.0686915
1506,64107,443,1730522133.0697887
1506,64107,443,1730522133.0707946
1506,64107,443,1730522133.0707946
1506,64107,443,1730522133.0718012
1506,64107,443,1730522133.0718012
1506,64107,443,1730522133.0728004
1506,64107,443,1730522133.0728004
679,64107,443,1730522133.074069
1506,64107,443,1730522133.0750806
1506,64107,443,1730522133.0783942
1506,64107,443,1730522133.0794024
1506,64107,443,1730522133.0794024
1506,64107,443,1730522133.0804021
1506,64107,443,1730522133.0804021
1506,64107,443,1730522133.081402
1506,64107,443,1730522133.081402
1506,64107,443,1730522133.0824022
1506,64107,443,1730522133.0824022
1506,64107,443,1730522133.083402
679,64107,443,1730522133.083402
1506,64107,443,1730522133.0849085
1506,64107,443,1730522133.0849085
1506,64107,443,1730522133.0859585
74,443,64107,1730522133.0869644
74,443,64107,1730522133.091426
1506,64107,443,1730522133.0924258
1506,64107,443,1730522133.093684
1506,64107,443,1730522133.093684
1506,64107,443,1730522133.0951917
74,443,64107,1730522133.0962062
1506,64107,443,1730522133.0962062
1506,64107,443,1730522133.0972042
1506,64107,443,1730522133.098207
1506,64107,443,1730522133.098207
883,64107,443,1730522133.0992048
74,443,64107,1730522133.1002047
74,443,64107,1730522133.1012042
1506,64107,443,1730522133.1023085
1506,64107,443,1730522133.1023085
1506,64107,443,1730522133.1033237
1506,64107,443,1730522133.1033237
1506,64107,443,1730522133.1048305
1506,64107,443,1730522133.1060805
1506,64107,443,1730522133.1060805
1506,64107,443,1730522133.1074436
74,443,64107,1730522133.1074436
74,443,64107,1730522133.1084518
74,443,64107,1730522133.1084518
74,443,64107,1730522133.1096337
1506,64107,443,1730522133.1110213
1506,64107,443,1730522133.1120286
1506,64107,443,1730522133.1130273
693,64107,443,1730522133.114027
74,443,64107,1730522133.1150272
74,443,64107,1730522133.1155334
74,443,64107,1730522133.1155334
74,443,64107,1730522133.1165397
74,443,64107,1730522133.117541
74,443,64107,1730522133.118546
74,443,64107,1730522133.1190515
74,443,64107,1730522133.1190515
74,443,64107,1730522133.1200564
74,443,64107,1730522133.1275713
55,52514,18001,1730522133.1275713
55,52514,18001,1730522133.1285696
55,52514,18001,1730522133.1285696
55,52514,18001,1730522133.129569
74,443,64107,1730522133.129569
74,443,64107,1730522133.1305687
55,52514,18001,1730522133.1305687
74,443,64107,1730522133.1305687
74,443,64107,1730522133.131569
74,443,64107,1730522133.131569
74,443,64107,1730522133.1325688
74,443,64107,1730522133.1325688
109,443,64107,1730522133.1325688
74,64107,443,1730522133.1335688
109,443,64107,1730522133.1335688
74,64107,443,1730522133.1335688
140,64107,443,1730522133.1351483
1506,64107,443,1730522133.1360865
1506,64107,443,1730522133.137083
1506,64107,443,1730522133.1380892
1506,64107,443,1730522133.139088
1506,64107,443,1730522133.139088
1506,64107,443,1730522133.140087
1506,64107,443,1730522133.140087
1506,64107,443,1730522133.141086
1506,64107,443,1730522133.141086
1506,64107,443,1730522133.142086
1506,64107,443,1730522133.142086
679,64107,443,1730522133.14309
1506,64107,443,1730522133.1440895
1506,64107,443,1730522133.1440895
1506,64107,443,1730522133.145088
1506,64107,443,1730522133.1455913
1506,64107,443,1730522133.1455913
1506,64107,443,1730522133.1465952
1506,64107,443,1730522133.1465952
1506,64107,443,1730522133.1475978
1506,64107,443,1730522133.1475978
1506,64107,443,1730522133.148598
1506,64107,443,1730522133.148598
679,64107,443,1730522133.1495981
212,64107,443,1730522133.1495981
74,443,64107,1730522133.1505978
74,443,64107,1730522133.1516032
54,63404,443,1730522133.1516032
74,443,64107,1730522133.1534462
60,18001,52514,1730522133.1534462
74,443,64107,1730522133.1549504
74,443,64107,1730522133.1549504
74,443,64107,1730522133.1559563
74,443,64107,1730522133.1559563
74,443,64107,1730522133.1569562
74,443,64107,1730522133.157956
74,443,64107,1730522133.1589556
74,443,64107,1730522133.1589556
74,443,64107,1730522133.1589556
74,443,64107,1730522133.1601794
109,443,64107,1730522133.1601794
74,64107,443,1730522133.1601794
109,443,64107,1730522133.1613092
74,64107,443,1730522133.1613092
1506,64107,443,1730522133.1623178
1506,64107,443,1730522133.1623178
1506,64107,443,1730522133.1633172
1506,64107,443,1730522133.1633172
1506,64107,443,1730522133.1633172
335,64107,443,1730522133.1648211
105,64107,443,1730522133.1648211
74,443,64107,1730522133.1658266
74,443,64107,1730522133.166962
74,443,64107,1730522133.166962
109,443,64107,1730522133.168438
74,64107,443,1730522133.1696815
109,443,64107,1730522133.1706905
74,64107,443,1730522133.1706905
1506,64107,443,1730522133.1716905
1354,64107,443,1730522133.1726902
1064,64107,443,1730522133.1736903
105,64107,443,1730522133.1751947
74,443,64107,1730522133.1751947
74,443,64107,1730522133.2171597
414,443,64107,1730522133.2181625
105,443,64107,1730522133.2211883
74,64107,443,1730522133.2211883
1506,64107,443,1730522133.241611
1506,64107,443,1730522133.2559185
1091,64107,443,1730522133.2569184
415,443,64107,1730522133.2569184
105,443,64107,1730522133.38155
74,64107,443,1730522133.3825495
74,443,64107,1730522133.3835502
1040,443,63404,1730522133.3850589
761,443,64107,1730522133.4251435
74,64107,443,1730522133.4256485
1506,443,64107,1730522133.4266565
372,443,64107,1730522133.427667
74,64107,443,1730522133.427667
54,63404,443,1730522133.4316657
65,18001,52514,1730522133.5578218
63,18001,52514,1730522133.580033
124,18001,52514,1730522133.5810304
66,52514,18001,1730522133.5820289
54,52514,18001,1730522133.583032
69,18001,52514,1730522133.5875468
64,18001,52514,1730522133.5880554
54,52514,18001,1730522133.5890653
66,64113,443,1730522133.6032267
868,443,63404,1730522133.6032267
66,443,64113,1730522133.604698
54,64113,443,1730522133.6052048
696,64113,443,1730522133.6062117
60,443,64113,1730522133.6217563
308,443,64113,1730522133.6227555
134,64113,443,1730522133.6227555
152,64113,443,1730522133.6305573
475,64113,443,1730522133.6315567
604,64113,443,1730522133.632557
60,443,64113,1730522133.6370769
357,443,64113,1730522133.6380844
138,443,64113,1730522133.6390848
85,64113,443,1730522133.640085
449,443,64113,1730522133.6410847
54,63404,443,1730522133.6466074
60,443,64113,1730522133.6936274
54,64113,443,1730522133.7019262
1506,64107,443,1730522133.702938
1506,64107,443,1730522133.707986
1092,64107,443,1730522133.7089865
74,443,64107,1730522133.7258081
66,64114,443,1730522133.7298265
74,443,64107,1730522133.7581754
65,18001,52514,1730522133.7593834
66,443,64114,1730522133.770502
54,64114,443,1730522133.770502
361,64114,443,1730522133.7729893
692,64113,443,1730522133.7795274
60,443,64113,1730522133.796339
89,443,64113,1730522133.7973459
448,443,64113,1730522133.7983463
54,64113,443,1730522133.8013463
55,52514,18001,1730522133.8023489
55,52514,18001,1730522133.8027778
55,52514,18001,1730522133.8037827
55,52514,18001,1730522133.8037827
55,52514,18001,1730522133.805294
171,3389,53021,1730522133.805294
171,53021,3389,1730522133.8063014
203,53021,3389,1730522133.8103104
55,52514,18001,1730522133.811348
55,52514,18001,1730522133.8137834
55,52514,18001,1730522133.8152893
55,52514,18001,1730522133.8162947
55,52514,18001,1730522133.817297
60,443,64114,1730522133.817297
153,443,64114,1730522133.8187726
60,18001,52514,1730522133.8187726
63,18001,52514,1730522133.8197842
62,18001,52514,1730522133.8197842
62,18001,52514,1730522133.8207831
68,18001,52514,1730522133.8217828
54,52514,18001,1730522133.8217828
62,18001,52514,1730522133.8227909
432,64114,443,1730522133.8227909
60,3389,53021,1730522133.8595514
60,18001,52514,1730522133.8595514
760,443,64107,1730522133.8607407
74,64107,443,1730522133.8617454
1424,443,64107,1730522133.8627565
74,64107,443,1730522133.863759
60,443,64114,1730522133.8650613
1506,443,64114,1730522133.8662663
1506,443,64114,1730522133.8722785
54,64114,443,1730522133.873277
1506,443,64114,1730522133.8742757
331,443,64114,1730522133.8757894
66,64114,443,1730522133.8757894
1506,443,64114,1730522133.877814
54,64114,443,1730522133.878813
54,52514,18001,1730522133.878813
128,64114,443,1730522133.8808124
1494,64114,443,1730522133.9139986
536,64114,443,1730522133.9150052
60,443,64114,1730522133.916028
513,443,64114,1730522133.92168
60,443,64114,1730522133.92277
54,64114,443,1730522133.959059
60,18001,52514,1730522134.035392
